D:/codes/python/face_app/user/images/ezra/image_0ezra.jpg;ezra
D:/codes/python/face_app/user/images/ezra/image_100ezra.jpg;ezra
D:/codes/python/face_app/user/images/ezra/image_101ezra.jpg;ezra
D:/codes/python/face_app/user/images/ezra/image_102ezra.jpg;ezra
D:/codes/python/face_app/user/images/ezra/image_103ezra.jpg;ezra
D:/codes/python/face_app/user/images/ezra/image_104ezra.jpg;ezra
D:/codes/python/face_app/user/images/ezra/image_105ezra.jpg;ezra
D:/codes/python/face_app/user/images/ezra/image_106ezra.jpg;ezra
D:/codes/python/face_app/user/images/ezra/image_107ezra.jpg;ezra
D:/codes/python/face_app/user/images/ezra/image_108ezra.jpg;ezra
D:/codes/python/face_app/user/images/ezra/image_109ezra.jpg;ezra
D:/codes/python/face_app/user/images/ezra/image_10ezra.jpg;ezra
D:/codes/python/face_app/user/images/ezra/image_110ezra.jpg;ezra
D:/codes/python/face_app/user/images/ezra/image_111ezra.jpg;ezra
D:/codes/python/face_app/user/images/ezra/image_112ezra.jpg;ezra
D:/codes/python/face_app/user/images/ezra/image_113ezra.jpg;ezra
D:/codes/python/face_app/user/images/ezra/image_114ezra.jpg;ezra
D:/codes/python/face_app/user/images/ezra/image_115ezra.jpg;ezra
D:/codes/python/face_app/user/images/ezra/image_116ezra.jpg;ezra
D:/codes/python/face_app/user/images/ezra/image_117ezra.jpg;ezra
D:/codes/python/face_app/user/images/ezra/image_118ezra.jpg;ezra
D:/codes/python/face_app/user/images/ezra/image_119ezra.jpg;ezra
D:/codes/python/face_app/user/images/ezra/image_11ezra.jpg;ezra
D:/codes/python/face_app/user/images/ezra/image_120ezra.jpg;ezra
D:/codes/python/face_app/user/images/ezra/image_121ezra.jpg;ezra
D:/codes/python/face_app/user/images/ezra/image_122ezra.jpg;ezra
D:/codes/python/face_app/user/images/ezra/image_123ezra.jpg;ezra
D:/codes/python/face_app/user/images/ezra/image_124ezra.jpg;ezra
D:/codes/python/face_app/user/images/ezra/image_125ezra.jpg;ezra
D:/codes/python/face_app/user/images/ezra/image_126ezra.jpg;ezra
D:/codes/python/face_app/user/images/ezra/image_127ezra.jpg;ezra
D:/codes/python/face_app/user/images/ezra/image_128ezra.jpg;ezra
D:/codes/python/face_app/user/images/ezra/image_129ezra.jpg;ezra
D:/codes/python/face_app/user/images/ezra/image_12ezra.jpg;ezra
D:/codes/python/face_app/user/images/ezra/image_130ezra.jpg;ezra
D:/codes/python/face_app/user/images/ezra/image_131ezra.jpg;ezra
D:/codes/python/face_app/user/images/ezra/image_132ezra.jpg;ezra
D:/codes/python/face_app/user/images/ezra/image_133ezra.jpg;ezra
D:/codes/python/face_app/user/images/ezra/image_134ezra.jpg;ezra
D:/codes/python/face_app/user/images/ezra/image_135ezra.jpg;ezra
D:/codes/python/face_app/user/images/ezra/image_136ezra.jpg;ezra
D:/codes/python/face_app/user/images/ezra/image_137ezra.jpg;ezra
D:/codes/python/face_app/user/images/ezra/image_138ezra.jpg;ezra
D:/codes/python/face_app/user/images/ezra/image_139ezra.jpg;ezra
D:/codes/python/face_app/user/images/ezra/image_13ezra.jpg;ezra
D:/codes/python/face_app/user/images/ezra/image_140ezra.jpg;ezra
D:/codes/python/face_app/user/images/ezra/image_141ezra.jpg;ezra
D:/codes/python/face_app/user/images/ezra/image_142ezra.jpg;ezra
D:/codes/python/face_app/user/images/ezra/image_143ezra.jpg;ezra
D:/codes/python/face_app/user/images/ezra/image_144ezra.jpg;ezra
D:/codes/python/face_app/user/images/ezra/image_145ezra.jpg;ezra
D:/codes/python/face_app/user/images/ezra/image_146ezra.jpg;ezra
D:/codes/python/face_app/user/images/ezra/image_147ezra.jpg;ezra
D:/codes/python/face_app/user/images/ezra/image_148ezra.jpg;ezra
D:/codes/python/face_app/user/images/ezra/image_149ezra.jpg;ezra
D:/codes/python/face_app/user/images/ezra/image_14ezra.jpg;ezra
D:/codes/python/face_app/user/images/ezra/image_150ezra.jpg;ezra
D:/codes/python/face_app/user/images/ezra/image_151ezra.jpg;ezra
D:/codes/python/face_app/user/images/ezra/image_152ezra.jpg;ezra
D:/codes/python/face_app/user/images/ezra/image_153ezra.jpg;ezra
D:/codes/python/face_app/user/images/ezra/image_154ezra.jpg;ezra
D:/codes/python/face_app/user/images/ezra/image_155ezra.jpg;ezra
D:/codes/python/face_app/user/images/ezra/image_156ezra.jpg;ezra
D:/codes/python/face_app/user/images/ezra/image_157ezra.jpg;ezra
D:/codes/python/face_app/user/images/ezra/image_158ezra.jpg;ezra
D:/codes/python/face_app/user/images/ezra/image_159ezra.jpg;ezra
D:/codes/python/face_app/user/images/ezra/image_15ezra.jpg;ezra
D:/codes/python/face_app/user/images/ezra/image_160ezra.jpg;ezra
D:/codes/python/face_app/user/images/ezra/image_161ezra.jpg;ezra
D:/codes/python/face_app/user/images/ezra/image_162ezra.jpg;ezra
D:/codes/python/face_app/user/images/ezra/image_163ezra.jpg;ezra
D:/codes/python/face_app/user/images/ezra/image_164ezra.jpg;ezra
D:/codes/python/face_app/user/images/ezra/image_165ezra.jpg;ezra
D:/codes/python/face_app/user/images/ezra/image_166ezra.jpg;ezra
D:/codes/python/face_app/user/images/ezra/image_167ezra.jpg;ezra
D:/codes/python/face_app/user/images/ezra/image_168ezra.jpg;ezra
D:/codes/python/face_app/user/images/ezra/image_169ezra.jpg;ezra
D:/codes/python/face_app/user/images/ezra/image_16ezra.jpg;ezra
D:/codes/python/face_app/user/images/ezra/image_170ezra.jpg;ezra
D:/codes/python/face_app/user/images/ezra/image_171ezra.jpg;ezra
D:/codes/python/face_app/user/images/ezra/image_172ezra.jpg;ezra
D:/codes/python/face_app/user/images/ezra/image_173ezra.jpg;ezra
D:/codes/python/face_app/user/images/ezra/image_174ezra.jpg;ezra
D:/codes/python/face_app/user/images/ezra/image_175ezra.jpg;ezra
D:/codes/python/face_app/user/images/ezra/image_176ezra.jpg;ezra
D:/codes/python/face_app/user/images/ezra/image_177ezra.jpg;ezra
D:/codes/python/face_app/user/images/ezra/image_178ezra.jpg;ezra
D:/codes/python/face_app/user/images/ezra/image_179ezra.jpg;ezra
D:/codes/python/face_app/user/images/ezra/image_17ezra.jpg;ezra
D:/codes/python/face_app/user/images/ezra/image_180ezra.jpg;ezra
D:/codes/python/face_app/user/images/ezra/image_181ezra.jpg;ezra
D:/codes/python/face_app/user/images/ezra/image_182ezra.jpg;ezra
D:/codes/python/face_app/user/images/ezra/image_183ezra.jpg;ezra
D:/codes/python/face_app/user/images/ezra/image_184ezra.jpg;ezra
D:/codes/python/face_app/user/images/ezra/image_185ezra.jpg;ezra
D:/codes/python/face_app/user/images/ezra/image_186ezra.jpg;ezra
D:/codes/python/face_app/user/images/ezra/image_187ezra.jpg;ezra
D:/codes/python/face_app/user/images/ezra/image_188ezra.jpg;ezra
D:/codes/python/face_app/user/images/ezra/image_189ezra.jpg;ezra
D:/codes/python/face_app/user/images/ezra/image_18ezra.jpg;ezra
D:/codes/python/face_app/user/images/ezra/image_190ezra.jpg;ezra
D:/codes/python/face_app/user/images/ezra/image_191ezra.jpg;ezra
D:/codes/python/face_app/user/images/ezra/image_192ezra.jpg;ezra
D:/codes/python/face_app/user/images/ezra/image_193ezra.jpg;ezra
D:/codes/python/face_app/user/images/ezra/image_194ezra.jpg;ezra
D:/codes/python/face_app/user/images/ezra/image_195ezra.jpg;ezra
D:/codes/python/face_app/user/images/ezra/image_196ezra.jpg;ezra
D:/codes/python/face_app/user/images/ezra/image_197ezra.jpg;ezra
D:/codes/python/face_app/user/images/ezra/image_198ezra.jpg;ezra
D:/codes/python/face_app/user/images/ezra/image_199ezra.jpg;ezra
D:/codes/python/face_app/user/images/ezra/image_19ezra.jpg;ezra
D:/codes/python/face_app/user/images/ezra/image_1ezra.jpg;ezra
D:/codes/python/face_app/user/images/ezra/image_200ezra.jpg;ezra
D:/codes/python/face_app/user/images/ezra/image_201ezra.jpg;ezra
D:/codes/python/face_app/user/images/ezra/image_202ezra.jpg;ezra
D:/codes/python/face_app/user/images/ezra/image_203ezra.jpg;ezra
D:/codes/python/face_app/user/images/ezra/image_204ezra.jpg;ezra
D:/codes/python/face_app/user/images/ezra/image_205ezra.jpg;ezra
D:/codes/python/face_app/user/images/ezra/image_206ezra.jpg;ezra
D:/codes/python/face_app/user/images/ezra/image_207ezra.jpg;ezra
D:/codes/python/face_app/user/images/ezra/image_208ezra.jpg;ezra
D:/codes/python/face_app/user/images/ezra/image_209ezra.jpg;ezra
D:/codes/python/face_app/user/images/ezra/image_20ezra.jpg;ezra
D:/codes/python/face_app/user/images/ezra/image_210ezra.jpg;ezra
D:/codes/python/face_app/user/images/ezra/image_211ezra.jpg;ezra
D:/codes/python/face_app/user/images/ezra/image_212ezra.jpg;ezra
D:/codes/python/face_app/user/images/ezra/image_213ezra.jpg;ezra
D:/codes/python/face_app/user/images/ezra/image_214ezra.jpg;ezra
D:/codes/python/face_app/user/images/ezra/image_215ezra.jpg;ezra
D:/codes/python/face_app/user/images/ezra/image_216ezra.jpg;ezra
D:/codes/python/face_app/user/images/ezra/image_217ezra.jpg;ezra
D:/codes/python/face_app/user/images/ezra/image_218ezra.jpg;ezra
D:/codes/python/face_app/user/images/ezra/image_219ezra.jpg;ezra
D:/codes/python/face_app/user/images/ezra/image_21ezra.jpg;ezra
D:/codes/python/face_app/user/images/ezra/image_220ezra.jpg;ezra
D:/codes/python/face_app/user/images/ezra/image_221ezra.jpg;ezra
D:/codes/python/face_app/user/images/ezra/image_222ezra.jpg;ezra
D:/codes/python/face_app/user/images/ezra/image_223ezra.jpg;ezra
D:/codes/python/face_app/user/images/ezra/image_224ezra.jpg;ezra
D:/codes/python/face_app/user/images/ezra/image_225ezra.jpg;ezra
D:/codes/python/face_app/user/images/ezra/image_226ezra.jpg;ezra
D:/codes/python/face_app/user/images/ezra/image_227ezra.jpg;ezra
D:/codes/python/face_app/user/images/ezra/image_228ezra.jpg;ezra
D:/codes/python/face_app/user/images/ezra/image_229ezra.jpg;ezra
D:/codes/python/face_app/user/images/ezra/image_22ezra.jpg;ezra
D:/codes/python/face_app/user/images/ezra/image_230ezra.jpg;ezra
D:/codes/python/face_app/user/images/ezra/image_231ezra.jpg;ezra
D:/codes/python/face_app/user/images/ezra/image_232ezra.jpg;ezra
D:/codes/python/face_app/user/images/ezra/image_233ezra.jpg;ezra
D:/codes/python/face_app/user/images/ezra/image_234ezra.jpg;ezra
D:/codes/python/face_app/user/images/ezra/image_235ezra.jpg;ezra
D:/codes/python/face_app/user/images/ezra/image_236ezra.jpg;ezra
D:/codes/python/face_app/user/images/ezra/image_237ezra.jpg;ezra
D:/codes/python/face_app/user/images/ezra/image_238ezra.jpg;ezra
D:/codes/python/face_app/user/images/ezra/image_239ezra.jpg;ezra
D:/codes/python/face_app/user/images/ezra/image_23ezra.jpg;ezra
D:/codes/python/face_app/user/images/ezra/image_240ezra.jpg;ezra
D:/codes/python/face_app/user/images/ezra/image_241ezra.jpg;ezra
D:/codes/python/face_app/user/images/ezra/image_242ezra.jpg;ezra
D:/codes/python/face_app/user/images/ezra/image_243ezra.jpg;ezra
D:/codes/python/face_app/user/images/ezra/image_244ezra.jpg;ezra
D:/codes/python/face_app/user/images/ezra/image_245ezra.jpg;ezra
D:/codes/python/face_app/user/images/ezra/image_246ezra.jpg;ezra
D:/codes/python/face_app/user/images/ezra/image_247ezra.jpg;ezra
D:/codes/python/face_app/user/images/ezra/image_248ezra.jpg;ezra
D:/codes/python/face_app/user/images/ezra/image_249ezra.jpg;ezra
D:/codes/python/face_app/user/images/ezra/image_24ezra.jpg;ezra
D:/codes/python/face_app/user/images/ezra/image_250ezra.jpg;ezra
D:/codes/python/face_app/user/images/ezra/image_251ezra.jpg;ezra
D:/codes/python/face_app/user/images/ezra/image_252ezra.jpg;ezra
D:/codes/python/face_app/user/images/ezra/image_253ezra.jpg;ezra
D:/codes/python/face_app/user/images/ezra/image_254ezra.jpg;ezra
D:/codes/python/face_app/user/images/ezra/image_255ezra.jpg;ezra
D:/codes/python/face_app/user/images/ezra/image_256ezra.jpg;ezra
D:/codes/python/face_app/user/images/ezra/image_257ezra.jpg;ezra
D:/codes/python/face_app/user/images/ezra/image_258ezra.jpg;ezra
D:/codes/python/face_app/user/images/ezra/image_259ezra.jpg;ezra
D:/codes/python/face_app/user/images/ezra/image_25ezra.jpg;ezra
D:/codes/python/face_app/user/images/ezra/image_260ezra.jpg;ezra
D:/codes/python/face_app/user/images/ezra/image_261ezra.jpg;ezra
D:/codes/python/face_app/user/images/ezra/image_262ezra.jpg;ezra
D:/codes/python/face_app/user/images/ezra/image_263ezra.jpg;ezra
D:/codes/python/face_app/user/images/ezra/image_264ezra.jpg;ezra
D:/codes/python/face_app/user/images/ezra/image_265ezra.jpg;ezra
D:/codes/python/face_app/user/images/ezra/image_266ezra.jpg;ezra
D:/codes/python/face_app/user/images/ezra/image_267ezra.jpg;ezra
D:/codes/python/face_app/user/images/ezra/image_268ezra.jpg;ezra
D:/codes/python/face_app/user/images/ezra/image_269ezra.jpg;ezra
D:/codes/python/face_app/user/images/ezra/image_26ezra.jpg;ezra
D:/codes/python/face_app/user/images/ezra/image_270ezra.jpg;ezra
D:/codes/python/face_app/user/images/ezra/image_271ezra.jpg;ezra
D:/codes/python/face_app/user/images/ezra/image_272ezra.jpg;ezra
D:/codes/python/face_app/user/images/ezra/image_273ezra.jpg;ezra
D:/codes/python/face_app/user/images/ezra/image_274ezra.jpg;ezra
D:/codes/python/face_app/user/images/ezra/image_275ezra.jpg;ezra
D:/codes/python/face_app/user/images/ezra/image_276ezra.jpg;ezra
D:/codes/python/face_app/user/images/ezra/image_277ezra.jpg;ezra
D:/codes/python/face_app/user/images/ezra/image_278ezra.jpg;ezra
D:/codes/python/face_app/user/images/ezra/image_279ezra.jpg;ezra
D:/codes/python/face_app/user/images/ezra/image_27ezra.jpg;ezra
D:/codes/python/face_app/user/images/ezra/image_280ezra.jpg;ezra
D:/codes/python/face_app/user/images/ezra/image_281ezra.jpg;ezra
D:/codes/python/face_app/user/images/ezra/image_282ezra.jpg;ezra
D:/codes/python/face_app/user/images/ezra/image_283ezra.jpg;ezra
D:/codes/python/face_app/user/images/ezra/image_284ezra.jpg;ezra
D:/codes/python/face_app/user/images/ezra/image_285ezra.jpg;ezra
D:/codes/python/face_app/user/images/ezra/image_286ezra.jpg;ezra
D:/codes/python/face_app/user/images/ezra/image_287ezra.jpg;ezra
D:/codes/python/face_app/user/images/ezra/image_288ezra.jpg;ezra
D:/codes/python/face_app/user/images/ezra/image_289ezra.jpg;ezra
D:/codes/python/face_app/user/images/ezra/image_28ezra.jpg;ezra
D:/codes/python/face_app/user/images/ezra/image_290ezra.jpg;ezra
D:/codes/python/face_app/user/images/ezra/image_291ezra.jpg;ezra
D:/codes/python/face_app/user/images/ezra/image_292ezra.jpg;ezra
D:/codes/python/face_app/user/images/ezra/image_293ezra.jpg;ezra
D:/codes/python/face_app/user/images/ezra/image_294ezra.jpg;ezra
D:/codes/python/face_app/user/images/ezra/image_295ezra.jpg;ezra
D:/codes/python/face_app/user/images/ezra/image_296ezra.jpg;ezra
D:/codes/python/face_app/user/images/ezra/image_297ezra.jpg;ezra
D:/codes/python/face_app/user/images/ezra/image_298ezra.jpg;ezra
D:/codes/python/face_app/user/images/ezra/image_299ezra.jpg;ezra
D:/codes/python/face_app/user/images/ezra/image_29ezra.jpg;ezra
D:/codes/python/face_app/user/images/ezra/image_2ezra.jpg;ezra
D:/codes/python/face_app/user/images/ezra/image_300ezra.jpg;ezra
D:/codes/python/face_app/user/images/ezra/image_30ezra.jpg;ezra
D:/codes/python/face_app/user/images/ezra/image_31ezra.jpg;ezra
D:/codes/python/face_app/user/images/ezra/image_32ezra.jpg;ezra
D:/codes/python/face_app/user/images/ezra/image_33ezra.jpg;ezra
D:/codes/python/face_app/user/images/ezra/image_34ezra.jpg;ezra
D:/codes/python/face_app/user/images/ezra/image_35ezra.jpg;ezra
D:/codes/python/face_app/user/images/ezra/image_36ezra.jpg;ezra
D:/codes/python/face_app/user/images/ezra/image_37ezra.jpg;ezra
D:/codes/python/face_app/user/images/ezra/image_38ezra.jpg;ezra
D:/codes/python/face_app/user/images/ezra/image_39ezra.jpg;ezra
D:/codes/python/face_app/user/images/ezra/image_3ezra.jpg;ezra
D:/codes/python/face_app/user/images/ezra/image_40ezra.jpg;ezra
D:/codes/python/face_app/user/images/ezra/image_41ezra.jpg;ezra
D:/codes/python/face_app/user/images/ezra/image_42ezra.jpg;ezra
D:/codes/python/face_app/user/images/ezra/image_43ezra.jpg;ezra
D:/codes/python/face_app/user/images/ezra/image_44ezra.jpg;ezra
D:/codes/python/face_app/user/images/ezra/image_45ezra.jpg;ezra
D:/codes/python/face_app/user/images/ezra/image_46ezra.jpg;ezra
D:/codes/python/face_app/user/images/ezra/image_47ezra.jpg;ezra
D:/codes/python/face_app/user/images/ezra/image_48ezra.jpg;ezra
D:/codes/python/face_app/user/images/ezra/image_49ezra.jpg;ezra
D:/codes/python/face_app/user/images/ezra/image_4ezra.jpg;ezra
D:/codes/python/face_app/user/images/ezra/image_50ezra.jpg;ezra
D:/codes/python/face_app/user/images/ezra/image_51ezra.jpg;ezra
D:/codes/python/face_app/user/images/ezra/image_52ezra.jpg;ezra
D:/codes/python/face_app/user/images/ezra/image_53ezra.jpg;ezra
D:/codes/python/face_app/user/images/ezra/image_54ezra.jpg;ezra
D:/codes/python/face_app/user/images/ezra/image_55ezra.jpg;ezra
D:/codes/python/face_app/user/images/ezra/image_56ezra.jpg;ezra
D:/codes/python/face_app/user/images/ezra/image_57ezra.jpg;ezra
D:/codes/python/face_app/user/images/ezra/image_58ezra.jpg;ezra
D:/codes/python/face_app/user/images/ezra/image_59ezra.jpg;ezra
D:/codes/python/face_app/user/images/ezra/image_5ezra.jpg;ezra
D:/codes/python/face_app/user/images/ezra/image_60ezra.jpg;ezra
D:/codes/python/face_app/user/images/ezra/image_61ezra.jpg;ezra
D:/codes/python/face_app/user/images/ezra/image_62ezra.jpg;ezra
D:/codes/python/face_app/user/images/ezra/image_63ezra.jpg;ezra
D:/codes/python/face_app/user/images/ezra/image_64ezra.jpg;ezra
D:/codes/python/face_app/user/images/ezra/image_65ezra.jpg;ezra
D:/codes/python/face_app/user/images/ezra/image_66ezra.jpg;ezra
D:/codes/python/face_app/user/images/ezra/image_67ezra.jpg;ezra
D:/codes/python/face_app/user/images/ezra/image_68ezra.jpg;ezra
D:/codes/python/face_app/user/images/ezra/image_69ezra.jpg;ezra
D:/codes/python/face_app/user/images/ezra/image_6ezra.jpg;ezra
D:/codes/python/face_app/user/images/ezra/image_70ezra.jpg;ezra
D:/codes/python/face_app/user/images/ezra/image_71ezra.jpg;ezra
D:/codes/python/face_app/user/images/ezra/image_72ezra.jpg;ezra
D:/codes/python/face_app/user/images/ezra/image_73ezra.jpg;ezra
D:/codes/python/face_app/user/images/ezra/image_74ezra.jpg;ezra
D:/codes/python/face_app/user/images/ezra/image_75ezra.jpg;ezra
D:/codes/python/face_app/user/images/ezra/image_76ezra.jpg;ezra
D:/codes/python/face_app/user/images/ezra/image_77ezra.jpg;ezra
D:/codes/python/face_app/user/images/ezra/image_78ezra.jpg;ezra
D:/codes/python/face_app/user/images/ezra/image_79ezra.jpg;ezra
D:/codes/python/face_app/user/images/ezra/image_7ezra.jpg;ezra
D:/codes/python/face_app/user/images/ezra/image_80ezra.jpg;ezra
D:/codes/python/face_app/user/images/ezra/image_81ezra.jpg;ezra
D:/codes/python/face_app/user/images/ezra/image_82ezra.jpg;ezra
D:/codes/python/face_app/user/images/ezra/image_83ezra.jpg;ezra
D:/codes/python/face_app/user/images/ezra/image_84ezra.jpg;ezra
D:/codes/python/face_app/user/images/ezra/image_85ezra.jpg;ezra
D:/codes/python/face_app/user/images/ezra/image_86ezra.jpg;ezra
D:/codes/python/face_app/user/images/ezra/image_87ezra.jpg;ezra
D:/codes/python/face_app/user/images/ezra/image_88ezra.jpg;ezra
D:/codes/python/face_app/user/images/ezra/image_89ezra.jpg;ezra
D:/codes/python/face_app/user/images/ezra/image_8ezra.jpg;ezra
D:/codes/python/face_app/user/images/ezra/image_90ezra.jpg;ezra
D:/codes/python/face_app/user/images/ezra/image_91ezra.jpg;ezra
D:/codes/python/face_app/user/images/ezra/image_92ezra.jpg;ezra
D:/codes/python/face_app/user/images/ezra/image_93ezra.jpg;ezra
D:/codes/python/face_app/user/images/ezra/image_94ezra.jpg;ezra
D:/codes/python/face_app/user/images/ezra/image_95ezra.jpg;ezra
D:/codes/python/face_app/user/images/ezra/image_96ezra.jpg;ezra
D:/codes/python/face_app/user/images/ezra/image_97ezra.jpg;ezra
D:/codes/python/face_app/user/images/ezra/image_98ezra.jpg;ezra
D:/codes/python/face_app/user/images/ezra/image_99ezra.jpg;ezra
D:/codes/python/face_app/user/images/ezra/image_9ezra.jpg;ezra
D:/codes/python/face_app/user/images/ibu/image_0ibu.jpg;ibu
D:/codes/python/face_app/user/images/ibu/image_100ibu.jpg;ibu
D:/codes/python/face_app/user/images/ibu/image_101ibu.jpg;ibu
D:/codes/python/face_app/user/images/ibu/image_102ibu.jpg;ibu
D:/codes/python/face_app/user/images/ibu/image_103ibu.jpg;ibu
D:/codes/python/face_app/user/images/ibu/image_104ibu.jpg;ibu
D:/codes/python/face_app/user/images/ibu/image_105ibu.jpg;ibu
D:/codes/python/face_app/user/images/ibu/image_106ibu.jpg;ibu
D:/codes/python/face_app/user/images/ibu/image_107ibu.jpg;ibu
D:/codes/python/face_app/user/images/ibu/image_108ibu.jpg;ibu
D:/codes/python/face_app/user/images/ibu/image_109ibu.jpg;ibu
D:/codes/python/face_app/user/images/ibu/image_10ibu.jpg;ibu
D:/codes/python/face_app/user/images/ibu/image_110ibu.jpg;ibu
D:/codes/python/face_app/user/images/ibu/image_111ibu.jpg;ibu
D:/codes/python/face_app/user/images/ibu/image_112ibu.jpg;ibu
D:/codes/python/face_app/user/images/ibu/image_113ibu.jpg;ibu
D:/codes/python/face_app/user/images/ibu/image_114ibu.jpg;ibu
D:/codes/python/face_app/user/images/ibu/image_115ibu.jpg;ibu
D:/codes/python/face_app/user/images/ibu/image_116ibu.jpg;ibu
D:/codes/python/face_app/user/images/ibu/image_117ibu.jpg;ibu
D:/codes/python/face_app/user/images/ibu/image_118ibu.jpg;ibu
D:/codes/python/face_app/user/images/ibu/image_119ibu.jpg;ibu
D:/codes/python/face_app/user/images/ibu/image_11ibu.jpg;ibu
D:/codes/python/face_app/user/images/ibu/image_120ibu.jpg;ibu
D:/codes/python/face_app/user/images/ibu/image_121ibu.jpg;ibu
D:/codes/python/face_app/user/images/ibu/image_122ibu.jpg;ibu
D:/codes/python/face_app/user/images/ibu/image_123ibu.jpg;ibu
D:/codes/python/face_app/user/images/ibu/image_124ibu.jpg;ibu
D:/codes/python/face_app/user/images/ibu/image_125ibu.jpg;ibu
D:/codes/python/face_app/user/images/ibu/image_126ibu.jpg;ibu
D:/codes/python/face_app/user/images/ibu/image_127ibu.jpg;ibu
D:/codes/python/face_app/user/images/ibu/image_128ibu.jpg;ibu
D:/codes/python/face_app/user/images/ibu/image_129ibu.jpg;ibu
D:/codes/python/face_app/user/images/ibu/image_12ibu.jpg;ibu
D:/codes/python/face_app/user/images/ibu/image_130ibu.jpg;ibu
D:/codes/python/face_app/user/images/ibu/image_131ibu.jpg;ibu
D:/codes/python/face_app/user/images/ibu/image_132ibu.jpg;ibu
D:/codes/python/face_app/user/images/ibu/image_133ibu.jpg;ibu
D:/codes/python/face_app/user/images/ibu/image_134ibu.jpg;ibu
D:/codes/python/face_app/user/images/ibu/image_135ibu.jpg;ibu
D:/codes/python/face_app/user/images/ibu/image_136ibu.jpg;ibu
D:/codes/python/face_app/user/images/ibu/image_137ibu.jpg;ibu
D:/codes/python/face_app/user/images/ibu/image_138ibu.jpg;ibu
D:/codes/python/face_app/user/images/ibu/image_139ibu.jpg;ibu
D:/codes/python/face_app/user/images/ibu/image_13ibu.jpg;ibu
D:/codes/python/face_app/user/images/ibu/image_140ibu.jpg;ibu
D:/codes/python/face_app/user/images/ibu/image_141ibu.jpg;ibu
D:/codes/python/face_app/user/images/ibu/image_142ibu.jpg;ibu
D:/codes/python/face_app/user/images/ibu/image_143ibu.jpg;ibu
D:/codes/python/face_app/user/images/ibu/image_144ibu.jpg;ibu
D:/codes/python/face_app/user/images/ibu/image_145ibu.jpg;ibu
D:/codes/python/face_app/user/images/ibu/image_146ibu.jpg;ibu
D:/codes/python/face_app/user/images/ibu/image_147ibu.jpg;ibu
D:/codes/python/face_app/user/images/ibu/image_148ibu.jpg;ibu
D:/codes/python/face_app/user/images/ibu/image_149ibu.jpg;ibu
D:/codes/python/face_app/user/images/ibu/image_14ibu.jpg;ibu
D:/codes/python/face_app/user/images/ibu/image_150ibu.jpg;ibu
D:/codes/python/face_app/user/images/ibu/image_151ibu.jpg;ibu
D:/codes/python/face_app/user/images/ibu/image_152ibu.jpg;ibu
D:/codes/python/face_app/user/images/ibu/image_153ibu.jpg;ibu
D:/codes/python/face_app/user/images/ibu/image_154ibu.jpg;ibu
D:/codes/python/face_app/user/images/ibu/image_155ibu.jpg;ibu
D:/codes/python/face_app/user/images/ibu/image_156ibu.jpg;ibu
D:/codes/python/face_app/user/images/ibu/image_157ibu.jpg;ibu
D:/codes/python/face_app/user/images/ibu/image_158ibu.jpg;ibu
D:/codes/python/face_app/user/images/ibu/image_159ibu.jpg;ibu
D:/codes/python/face_app/user/images/ibu/image_15ibu.jpg;ibu
D:/codes/python/face_app/user/images/ibu/image_160ibu.jpg;ibu
D:/codes/python/face_app/user/images/ibu/image_161ibu.jpg;ibu
D:/codes/python/face_app/user/images/ibu/image_162ibu.jpg;ibu
D:/codes/python/face_app/user/images/ibu/image_163ibu.jpg;ibu
D:/codes/python/face_app/user/images/ibu/image_164ibu.jpg;ibu
D:/codes/python/face_app/user/images/ibu/image_165ibu.jpg;ibu
D:/codes/python/face_app/user/images/ibu/image_166ibu.jpg;ibu
D:/codes/python/face_app/user/images/ibu/image_167ibu.jpg;ibu
D:/codes/python/face_app/user/images/ibu/image_168ibu.jpg;ibu
D:/codes/python/face_app/user/images/ibu/image_169ibu.jpg;ibu
D:/codes/python/face_app/user/images/ibu/image_16ibu.jpg;ibu
D:/codes/python/face_app/user/images/ibu/image_170ibu.jpg;ibu
D:/codes/python/face_app/user/images/ibu/image_171ibu.jpg;ibu
D:/codes/python/face_app/user/images/ibu/image_172ibu.jpg;ibu
D:/codes/python/face_app/user/images/ibu/image_173ibu.jpg;ibu
D:/codes/python/face_app/user/images/ibu/image_174ibu.jpg;ibu
D:/codes/python/face_app/user/images/ibu/image_175ibu.jpg;ibu
D:/codes/python/face_app/user/images/ibu/image_176ibu.jpg;ibu
D:/codes/python/face_app/user/images/ibu/image_177ibu.jpg;ibu
D:/codes/python/face_app/user/images/ibu/image_178ibu.jpg;ibu
D:/codes/python/face_app/user/images/ibu/image_179ibu.jpg;ibu
D:/codes/python/face_app/user/images/ibu/image_17ibu.jpg;ibu
D:/codes/python/face_app/user/images/ibu/image_180ibu.jpg;ibu
D:/codes/python/face_app/user/images/ibu/image_181ibu.jpg;ibu
D:/codes/python/face_app/user/images/ibu/image_182ibu.jpg;ibu
D:/codes/python/face_app/user/images/ibu/image_183ibu.jpg;ibu
D:/codes/python/face_app/user/images/ibu/image_184ibu.jpg;ibu
D:/codes/python/face_app/user/images/ibu/image_185ibu.jpg;ibu
D:/codes/python/face_app/user/images/ibu/image_186ibu.jpg;ibu
D:/codes/python/face_app/user/images/ibu/image_187ibu.jpg;ibu
D:/codes/python/face_app/user/images/ibu/image_188ibu.jpg;ibu
D:/codes/python/face_app/user/images/ibu/image_189ibu.jpg;ibu
D:/codes/python/face_app/user/images/ibu/image_18ibu.jpg;ibu
D:/codes/python/face_app/user/images/ibu/image_190ibu.jpg;ibu
D:/codes/python/face_app/user/images/ibu/image_191ibu.jpg;ibu
D:/codes/python/face_app/user/images/ibu/image_192ibu.jpg;ibu
D:/codes/python/face_app/user/images/ibu/image_193ibu.jpg;ibu
D:/codes/python/face_app/user/images/ibu/image_194ibu.jpg;ibu
D:/codes/python/face_app/user/images/ibu/image_195ibu.jpg;ibu
D:/codes/python/face_app/user/images/ibu/image_196ibu.jpg;ibu
D:/codes/python/face_app/user/images/ibu/image_197ibu.jpg;ibu
D:/codes/python/face_app/user/images/ibu/image_198ibu.jpg;ibu
D:/codes/python/face_app/user/images/ibu/image_199ibu.jpg;ibu
D:/codes/python/face_app/user/images/ibu/image_19ibu.jpg;ibu
D:/codes/python/face_app/user/images/ibu/image_1ibu.jpg;ibu
D:/codes/python/face_app/user/images/ibu/image_200ibu.jpg;ibu
D:/codes/python/face_app/user/images/ibu/image_201ibu.jpg;ibu
D:/codes/python/face_app/user/images/ibu/image_202ibu.jpg;ibu
D:/codes/python/face_app/user/images/ibu/image_203ibu.jpg;ibu
D:/codes/python/face_app/user/images/ibu/image_204ibu.jpg;ibu
D:/codes/python/face_app/user/images/ibu/image_205ibu.jpg;ibu
D:/codes/python/face_app/user/images/ibu/image_206ibu.jpg;ibu
D:/codes/python/face_app/user/images/ibu/image_207ibu.jpg;ibu
D:/codes/python/face_app/user/images/ibu/image_208ibu.jpg;ibu
D:/codes/python/face_app/user/images/ibu/image_209ibu.jpg;ibu
D:/codes/python/face_app/user/images/ibu/image_20ibu.jpg;ibu
D:/codes/python/face_app/user/images/ibu/image_210ibu.jpg;ibu
D:/codes/python/face_app/user/images/ibu/image_211ibu.jpg;ibu
D:/codes/python/face_app/user/images/ibu/image_212ibu.jpg;ibu
D:/codes/python/face_app/user/images/ibu/image_213ibu.jpg;ibu
D:/codes/python/face_app/user/images/ibu/image_214ibu.jpg;ibu
D:/codes/python/face_app/user/images/ibu/image_215ibu.jpg;ibu
D:/codes/python/face_app/user/images/ibu/image_216ibu.jpg;ibu
D:/codes/python/face_app/user/images/ibu/image_217ibu.jpg;ibu
D:/codes/python/face_app/user/images/ibu/image_218ibu.jpg;ibu
D:/codes/python/face_app/user/images/ibu/image_219ibu.jpg;ibu
D:/codes/python/face_app/user/images/ibu/image_21ibu.jpg;ibu
D:/codes/python/face_app/user/images/ibu/image_220ibu.jpg;ibu
D:/codes/python/face_app/user/images/ibu/image_221ibu.jpg;ibu
D:/codes/python/face_app/user/images/ibu/image_222ibu.jpg;ibu
D:/codes/python/face_app/user/images/ibu/image_223ibu.jpg;ibu
D:/codes/python/face_app/user/images/ibu/image_224ibu.jpg;ibu
D:/codes/python/face_app/user/images/ibu/image_225ibu.jpg;ibu
D:/codes/python/face_app/user/images/ibu/image_226ibu.jpg;ibu
D:/codes/python/face_app/user/images/ibu/image_227ibu.jpg;ibu
D:/codes/python/face_app/user/images/ibu/image_228ibu.jpg;ibu
D:/codes/python/face_app/user/images/ibu/image_229ibu.jpg;ibu
D:/codes/python/face_app/user/images/ibu/image_22ibu.jpg;ibu
D:/codes/python/face_app/user/images/ibu/image_230ibu.jpg;ibu
D:/codes/python/face_app/user/images/ibu/image_23ibu.jpg;ibu
D:/codes/python/face_app/user/images/ibu/image_24ibu.jpg;ibu
D:/codes/python/face_app/user/images/ibu/image_25ibu.jpg;ibu
D:/codes/python/face_app/user/images/ibu/image_26ibu.jpg;ibu
D:/codes/python/face_app/user/images/ibu/image_27ibu.jpg;ibu
D:/codes/python/face_app/user/images/ibu/image_28ibu.jpg;ibu
D:/codes/python/face_app/user/images/ibu/image_29ibu.jpg;ibu
D:/codes/python/face_app/user/images/ibu/image_2ibu.jpg;ibu
D:/codes/python/face_app/user/images/ibu/image_30ibu.jpg;ibu
D:/codes/python/face_app/user/images/ibu/image_31ibu.jpg;ibu
D:/codes/python/face_app/user/images/ibu/image_32ibu.jpg;ibu
D:/codes/python/face_app/user/images/ibu/image_33ibu.jpg;ibu
D:/codes/python/face_app/user/images/ibu/image_34ibu.jpg;ibu
D:/codes/python/face_app/user/images/ibu/image_35ibu.jpg;ibu
D:/codes/python/face_app/user/images/ibu/image_36ibu.jpg;ibu
D:/codes/python/face_app/user/images/ibu/image_37ibu.jpg;ibu
D:/codes/python/face_app/user/images/ibu/image_38ibu.jpg;ibu
D:/codes/python/face_app/user/images/ibu/image_39ibu.jpg;ibu
D:/codes/python/face_app/user/images/ibu/image_3ibu.jpg;ibu
D:/codes/python/face_app/user/images/ibu/image_40ibu.jpg;ibu
D:/codes/python/face_app/user/images/ibu/image_41ibu.jpg;ibu
D:/codes/python/face_app/user/images/ibu/image_42ibu.jpg;ibu
D:/codes/python/face_app/user/images/ibu/image_43ibu.jpg;ibu
D:/codes/python/face_app/user/images/ibu/image_44ibu.jpg;ibu
D:/codes/python/face_app/user/images/ibu/image_45ibu.jpg;ibu
D:/codes/python/face_app/user/images/ibu/image_46ibu.jpg;ibu
D:/codes/python/face_app/user/images/ibu/image_47ibu.jpg;ibu
D:/codes/python/face_app/user/images/ibu/image_48ibu.jpg;ibu
D:/codes/python/face_app/user/images/ibu/image_49ibu.jpg;ibu
D:/codes/python/face_app/user/images/ibu/image_4ibu.jpg;ibu
D:/codes/python/face_app/user/images/ibu/image_50ibu.jpg;ibu
D:/codes/python/face_app/user/images/ibu/image_51ibu.jpg;ibu
D:/codes/python/face_app/user/images/ibu/image_52ibu.jpg;ibu
D:/codes/python/face_app/user/images/ibu/image_53ibu.jpg;ibu
D:/codes/python/face_app/user/images/ibu/image_54ibu.jpg;ibu
D:/codes/python/face_app/user/images/ibu/image_55ibu.jpg;ibu
D:/codes/python/face_app/user/images/ibu/image_56ibu.jpg;ibu
D:/codes/python/face_app/user/images/ibu/image_57ibu.jpg;ibu
D:/codes/python/face_app/user/images/ibu/image_58ibu.jpg;ibu
D:/codes/python/face_app/user/images/ibu/image_59ibu.jpg;ibu
D:/codes/python/face_app/user/images/ibu/image_5ibu.jpg;ibu
D:/codes/python/face_app/user/images/ibu/image_60ibu.jpg;ibu
D:/codes/python/face_app/user/images/ibu/image_61ibu.jpg;ibu
D:/codes/python/face_app/user/images/ibu/image_62ibu.jpg;ibu
D:/codes/python/face_app/user/images/ibu/image_63ibu.jpg;ibu
D:/codes/python/face_app/user/images/ibu/image_64ibu.jpg;ibu
D:/codes/python/face_app/user/images/ibu/image_65ibu.jpg;ibu
D:/codes/python/face_app/user/images/ibu/image_66ibu.jpg;ibu
D:/codes/python/face_app/user/images/ibu/image_67ibu.jpg;ibu
D:/codes/python/face_app/user/images/ibu/image_68ibu.jpg;ibu
D:/codes/python/face_app/user/images/ibu/image_69ibu.jpg;ibu
D:/codes/python/face_app/user/images/ibu/image_6ibu.jpg;ibu
D:/codes/python/face_app/user/images/ibu/image_70ibu.jpg;ibu
D:/codes/python/face_app/user/images/ibu/image_71ibu.jpg;ibu
D:/codes/python/face_app/user/images/ibu/image_72ibu.jpg;ibu
D:/codes/python/face_app/user/images/ibu/image_73ibu.jpg;ibu
D:/codes/python/face_app/user/images/ibu/image_74ibu.jpg;ibu
D:/codes/python/face_app/user/images/ibu/image_75ibu.jpg;ibu
D:/codes/python/face_app/user/images/ibu/image_76ibu.jpg;ibu
D:/codes/python/face_app/user/images/ibu/image_77ibu.jpg;ibu
D:/codes/python/face_app/user/images/ibu/image_78ibu.jpg;ibu
D:/codes/python/face_app/user/images/ibu/image_79ibu.jpg;ibu
D:/codes/python/face_app/user/images/ibu/image_7ibu.jpg;ibu
D:/codes/python/face_app/user/images/ibu/image_80ibu.jpg;ibu
D:/codes/python/face_app/user/images/ibu/image_81ibu.jpg;ibu
D:/codes/python/face_app/user/images/ibu/image_82ibu.jpg;ibu
D:/codes/python/face_app/user/images/ibu/image_83ibu.jpg;ibu
D:/codes/python/face_app/user/images/ibu/image_84ibu.jpg;ibu
D:/codes/python/face_app/user/images/ibu/image_85ibu.jpg;ibu
D:/codes/python/face_app/user/images/ibu/image_86ibu.jpg;ibu
D:/codes/python/face_app/user/images/ibu/image_87ibu.jpg;ibu
D:/codes/python/face_app/user/images/ibu/image_88ibu.jpg;ibu
D:/codes/python/face_app/user/images/ibu/image_89ibu.jpg;ibu
D:/codes/python/face_app/user/images/ibu/image_8ibu.jpg;ibu
D:/codes/python/face_app/user/images/ibu/image_90ibu.jpg;ibu
D:/codes/python/face_app/user/images/ibu/image_91ibu.jpg;ibu
D:/codes/python/face_app/user/images/ibu/image_92ibu.jpg;ibu
D:/codes/python/face_app/user/images/ibu/image_93ibu.jpg;ibu
D:/codes/python/face_app/user/images/ibu/image_94ibu.jpg;ibu
D:/codes/python/face_app/user/images/ibu/image_95ibu.jpg;ibu
D:/codes/python/face_app/user/images/ibu/image_96ibu.jpg;ibu
D:/codes/python/face_app/user/images/ibu/image_97ibu.jpg;ibu
D:/codes/python/face_app/user/images/ibu/image_98ibu.jpg;ibu
D:/codes/python/face_app/user/images/ibu/image_99ibu.jpg;ibu
D:/codes/python/face_app/user/images/ibu/image_9ibu.jpg;ibu
D:/codes/python/face_app/user/images/reizkian/image_0reizkian.jpg;reizkian
D:/codes/python/face_app/user/images/reizkian/image_100reizkian.jpg;reizkian
D:/codes/python/face_app/user/images/reizkian/image_101reizkian.jpg;reizkian
D:/codes/python/face_app/user/images/reizkian/image_102reizkian.jpg;reizkian
D:/codes/python/face_app/user/images/reizkian/image_103reizkian.jpg;reizkian
D:/codes/python/face_app/user/images/reizkian/image_104reizkian.jpg;reizkian
D:/codes/python/face_app/user/images/reizkian/image_105reizkian.jpg;reizkian
D:/codes/python/face_app/user/images/reizkian/image_106reizkian.jpg;reizkian
D:/codes/python/face_app/user/images/reizkian/image_107reizkian.jpg;reizkian
D:/codes/python/face_app/user/images/reizkian/image_108reizkian.jpg;reizkian
D:/codes/python/face_app/user/images/reizkian/image_109reizkian.jpg;reizkian
D:/codes/python/face_app/user/images/reizkian/image_10reizkian.jpg;reizkian
D:/codes/python/face_app/user/images/reizkian/image_110reizkian.jpg;reizkian
D:/codes/python/face_app/user/images/reizkian/image_111reizkian.jpg;reizkian
D:/codes/python/face_app/user/images/reizkian/image_112reizkian.jpg;reizkian
D:/codes/python/face_app/user/images/reizkian/image_113reizkian.jpg;reizkian
D:/codes/python/face_app/user/images/reizkian/image_114reizkian.jpg;reizkian
D:/codes/python/face_app/user/images/reizkian/image_115reizkian.jpg;reizkian
D:/codes/python/face_app/user/images/reizkian/image_116reizkian.jpg;reizkian
D:/codes/python/face_app/user/images/reizkian/image_117reizkian.jpg;reizkian
D:/codes/python/face_app/user/images/reizkian/image_118reizkian.jpg;reizkian
D:/codes/python/face_app/user/images/reizkian/image_119reizkian.jpg;reizkian
D:/codes/python/face_app/user/images/reizkian/image_11reizkian.jpg;reizkian
D:/codes/python/face_app/user/images/reizkian/image_120reizkian.jpg;reizkian
D:/codes/python/face_app/user/images/reizkian/image_121reizkian.jpg;reizkian
D:/codes/python/face_app/user/images/reizkian/image_122reizkian.jpg;reizkian
D:/codes/python/face_app/user/images/reizkian/image_123reizkian.jpg;reizkian
D:/codes/python/face_app/user/images/reizkian/image_124reizkian.jpg;reizkian
D:/codes/python/face_app/user/images/reizkian/image_125reizkian.jpg;reizkian
D:/codes/python/face_app/user/images/reizkian/image_126reizkian.jpg;reizkian
D:/codes/python/face_app/user/images/reizkian/image_127reizkian.jpg;reizkian
D:/codes/python/face_app/user/images/reizkian/image_128reizkian.jpg;reizkian
D:/codes/python/face_app/user/images/reizkian/image_129reizkian.jpg;reizkian
D:/codes/python/face_app/user/images/reizkian/image_12reizkian.jpg;reizkian
D:/codes/python/face_app/user/images/reizkian/image_130reizkian.jpg;reizkian
D:/codes/python/face_app/user/images/reizkian/image_131reizkian.jpg;reizkian
D:/codes/python/face_app/user/images/reizkian/image_132reizkian.jpg;reizkian
D:/codes/python/face_app/user/images/reizkian/image_133reizkian.jpg;reizkian
D:/codes/python/face_app/user/images/reizkian/image_134reizkian.jpg;reizkian
D:/codes/python/face_app/user/images/reizkian/image_135reizkian.jpg;reizkian
D:/codes/python/face_app/user/images/reizkian/image_136reizkian.jpg;reizkian
D:/codes/python/face_app/user/images/reizkian/image_137reizkian.jpg;reizkian
D:/codes/python/face_app/user/images/reizkian/image_138reizkian.jpg;reizkian
D:/codes/python/face_app/user/images/reizkian/image_139reizkian.jpg;reizkian
D:/codes/python/face_app/user/images/reizkian/image_13reizkian.jpg;reizkian
D:/codes/python/face_app/user/images/reizkian/image_140reizkian.jpg;reizkian
D:/codes/python/face_app/user/images/reizkian/image_141reizkian.jpg;reizkian
D:/codes/python/face_app/user/images/reizkian/image_142reizkian.jpg;reizkian
D:/codes/python/face_app/user/images/reizkian/image_143reizkian.jpg;reizkian
D:/codes/python/face_app/user/images/reizkian/image_144reizkian.jpg;reizkian
D:/codes/python/face_app/user/images/reizkian/image_145reizkian.jpg;reizkian
D:/codes/python/face_app/user/images/reizkian/image_146reizkian.jpg;reizkian
D:/codes/python/face_app/user/images/reizkian/image_147reizkian.jpg;reizkian
D:/codes/python/face_app/user/images/reizkian/image_148reizkian.jpg;reizkian
D:/codes/python/face_app/user/images/reizkian/image_149reizkian.jpg;reizkian
D:/codes/python/face_app/user/images/reizkian/image_14reizkian.jpg;reizkian
D:/codes/python/face_app/user/images/reizkian/image_150reizkian.jpg;reizkian
D:/codes/python/face_app/user/images/reizkian/image_151reizkian.jpg;reizkian
D:/codes/python/face_app/user/images/reizkian/image_152reizkian.jpg;reizkian
D:/codes/python/face_app/user/images/reizkian/image_153reizkian.jpg;reizkian
D:/codes/python/face_app/user/images/reizkian/image_154reizkian.jpg;reizkian
D:/codes/python/face_app/user/images/reizkian/image_155reizkian.jpg;reizkian
D:/codes/python/face_app/user/images/reizkian/image_156reizkian.jpg;reizkian
D:/codes/python/face_app/user/images/reizkian/image_157reizkian.jpg;reizkian
D:/codes/python/face_app/user/images/reizkian/image_158reizkian.jpg;reizkian
D:/codes/python/face_app/user/images/reizkian/image_159reizkian.jpg;reizkian
D:/codes/python/face_app/user/images/reizkian/image_15reizkian.jpg;reizkian
D:/codes/python/face_app/user/images/reizkian/image_160reizkian.jpg;reizkian
D:/codes/python/face_app/user/images/reizkian/image_161reizkian.jpg;reizkian
D:/codes/python/face_app/user/images/reizkian/image_162reizkian.jpg;reizkian
D:/codes/python/face_app/user/images/reizkian/image_163reizkian.jpg;reizkian
D:/codes/python/face_app/user/images/reizkian/image_164reizkian.jpg;reizkian
D:/codes/python/face_app/user/images/reizkian/image_165reizkian.jpg;reizkian
D:/codes/python/face_app/user/images/reizkian/image_166reizkian.jpg;reizkian
D:/codes/python/face_app/user/images/reizkian/image_167reizkian.jpg;reizkian
D:/codes/python/face_app/user/images/reizkian/image_168reizkian.jpg;reizkian
D:/codes/python/face_app/user/images/reizkian/image_169reizkian.jpg;reizkian
D:/codes/python/face_app/user/images/reizkian/image_16reizkian.jpg;reizkian
D:/codes/python/face_app/user/images/reizkian/image_170reizkian.jpg;reizkian
D:/codes/python/face_app/user/images/reizkian/image_171reizkian.jpg;reizkian
D:/codes/python/face_app/user/images/reizkian/image_172reizkian.jpg;reizkian
D:/codes/python/face_app/user/images/reizkian/image_173reizkian.jpg;reizkian
D:/codes/python/face_app/user/images/reizkian/image_174reizkian.jpg;reizkian
D:/codes/python/face_app/user/images/reizkian/image_175reizkian.jpg;reizkian
D:/codes/python/face_app/user/images/reizkian/image_176reizkian.jpg;reizkian
D:/codes/python/face_app/user/images/reizkian/image_177reizkian.jpg;reizkian
D:/codes/python/face_app/user/images/reizkian/image_178reizkian.jpg;reizkian
D:/codes/python/face_app/user/images/reizkian/image_179reizkian.jpg;reizkian
D:/codes/python/face_app/user/images/reizkian/image_17reizkian.jpg;reizkian
D:/codes/python/face_app/user/images/reizkian/image_180reizkian.jpg;reizkian
D:/codes/python/face_app/user/images/reizkian/image_181reizkian.jpg;reizkian
D:/codes/python/face_app/user/images/reizkian/image_182reizkian.jpg;reizkian
D:/codes/python/face_app/user/images/reizkian/image_183reizkian.jpg;reizkian
D:/codes/python/face_app/user/images/reizkian/image_184reizkian.jpg;reizkian
D:/codes/python/face_app/user/images/reizkian/image_185reizkian.jpg;reizkian
D:/codes/python/face_app/user/images/reizkian/image_186reizkian.jpg;reizkian
D:/codes/python/face_app/user/images/reizkian/image_187reizkian.jpg;reizkian
D:/codes/python/face_app/user/images/reizkian/image_188reizkian.jpg;reizkian
D:/codes/python/face_app/user/images/reizkian/image_189reizkian.jpg;reizkian
D:/codes/python/face_app/user/images/reizkian/image_18reizkian.jpg;reizkian
D:/codes/python/face_app/user/images/reizkian/image_190reizkian.jpg;reizkian
D:/codes/python/face_app/user/images/reizkian/image_191reizkian.jpg;reizkian
D:/codes/python/face_app/user/images/reizkian/image_192reizkian.jpg;reizkian
D:/codes/python/face_app/user/images/reizkian/image_193reizkian.jpg;reizkian
D:/codes/python/face_app/user/images/reizkian/image_194reizkian.jpg;reizkian
D:/codes/python/face_app/user/images/reizkian/image_195reizkian.jpg;reizkian
D:/codes/python/face_app/user/images/reizkian/image_196reizkian.jpg;reizkian
D:/codes/python/face_app/user/images/reizkian/image_197reizkian.jpg;reizkian
D:/codes/python/face_app/user/images/reizkian/image_198reizkian.jpg;reizkian
D:/codes/python/face_app/user/images/reizkian/image_199reizkian.jpg;reizkian
D:/codes/python/face_app/user/images/reizkian/image_19reizkian.jpg;reizkian
D:/codes/python/face_app/user/images/reizkian/image_1reizkian.jpg;reizkian
D:/codes/python/face_app/user/images/reizkian/image_200reizkian.jpg;reizkian
D:/codes/python/face_app/user/images/reizkian/image_201reizkian.jpg;reizkian
D:/codes/python/face_app/user/images/reizkian/image_202reizkian.jpg;reizkian
D:/codes/python/face_app/user/images/reizkian/image_203reizkian.jpg;reizkian
D:/codes/python/face_app/user/images/reizkian/image_204reizkian.jpg;reizkian
D:/codes/python/face_app/user/images/reizkian/image_205reizkian.jpg;reizkian
D:/codes/python/face_app/user/images/reizkian/image_206reizkian.jpg;reizkian
D:/codes/python/face_app/user/images/reizkian/image_207reizkian.jpg;reizkian
D:/codes/python/face_app/user/images/reizkian/image_208reizkian.jpg;reizkian
D:/codes/python/face_app/user/images/reizkian/image_209reizkian.jpg;reizkian
D:/codes/python/face_app/user/images/reizkian/image_20reizkian.jpg;reizkian
D:/codes/python/face_app/user/images/reizkian/image_210reizkian.jpg;reizkian
D:/codes/python/face_app/user/images/reizkian/image_211reizkian.jpg;reizkian
D:/codes/python/face_app/user/images/reizkian/image_212reizkian.jpg;reizkian
D:/codes/python/face_app/user/images/reizkian/image_213reizkian.jpg;reizkian
D:/codes/python/face_app/user/images/reizkian/image_214reizkian.jpg;reizkian
D:/codes/python/face_app/user/images/reizkian/image_215reizkian.jpg;reizkian
D:/codes/python/face_app/user/images/reizkian/image_216reizkian.jpg;reizkian
D:/codes/python/face_app/user/images/reizkian/image_217reizkian.jpg;reizkian
D:/codes/python/face_app/user/images/reizkian/image_218reizkian.jpg;reizkian
D:/codes/python/face_app/user/images/reizkian/image_219reizkian.jpg;reizkian
D:/codes/python/face_app/user/images/reizkian/image_21reizkian.jpg;reizkian
D:/codes/python/face_app/user/images/reizkian/image_220reizkian.jpg;reizkian
D:/codes/python/face_app/user/images/reizkian/image_221reizkian.jpg;reizkian
D:/codes/python/face_app/user/images/reizkian/image_222reizkian.jpg;reizkian
D:/codes/python/face_app/user/images/reizkian/image_223reizkian.jpg;reizkian
D:/codes/python/face_app/user/images/reizkian/image_224reizkian.jpg;reizkian
D:/codes/python/face_app/user/images/reizkian/image_225reizkian.jpg;reizkian
D:/codes/python/face_app/user/images/reizkian/image_226reizkian.jpg;reizkian
D:/codes/python/face_app/user/images/reizkian/image_227reizkian.jpg;reizkian
D:/codes/python/face_app/user/images/reizkian/image_228reizkian.jpg;reizkian
D:/codes/python/face_app/user/images/reizkian/image_229reizkian.jpg;reizkian
D:/codes/python/face_app/user/images/reizkian/image_22reizkian.jpg;reizkian
D:/codes/python/face_app/user/images/reizkian/image_230reizkian.jpg;reizkian
D:/codes/python/face_app/user/images/reizkian/image_231reizkian.jpg;reizkian
D:/codes/python/face_app/user/images/reizkian/image_232reizkian.jpg;reizkian
D:/codes/python/face_app/user/images/reizkian/image_233reizkian.jpg;reizkian
D:/codes/python/face_app/user/images/reizkian/image_234reizkian.jpg;reizkian
D:/codes/python/face_app/user/images/reizkian/image_235reizkian.jpg;reizkian
D:/codes/python/face_app/user/images/reizkian/image_236reizkian.jpg;reizkian
D:/codes/python/face_app/user/images/reizkian/image_237reizkian.jpg;reizkian
D:/codes/python/face_app/user/images/reizkian/image_238reizkian.jpg;reizkian
D:/codes/python/face_app/user/images/reizkian/image_239reizkian.jpg;reizkian
D:/codes/python/face_app/user/images/reizkian/image_23reizkian.jpg;reizkian
D:/codes/python/face_app/user/images/reizkian/image_240reizkian.jpg;reizkian
D:/codes/python/face_app/user/images/reizkian/image_241reizkian.jpg;reizkian
D:/codes/python/face_app/user/images/reizkian/image_242reizkian.jpg;reizkian
D:/codes/python/face_app/user/images/reizkian/image_243reizkian.jpg;reizkian
D:/codes/python/face_app/user/images/reizkian/image_244reizkian.jpg;reizkian
D:/codes/python/face_app/user/images/reizkian/image_245reizkian.jpg;reizkian
D:/codes/python/face_app/user/images/reizkian/image_246reizkian.jpg;reizkian
D:/codes/python/face_app/user/images/reizkian/image_247reizkian.jpg;reizkian
D:/codes/python/face_app/user/images/reizkian/image_248reizkian.jpg;reizkian
D:/codes/python/face_app/user/images/reizkian/image_249reizkian.jpg;reizkian
D:/codes/python/face_app/user/images/reizkian/image_24reizkian.jpg;reizkian
D:/codes/python/face_app/user/images/reizkian/image_250reizkian.jpg;reizkian
D:/codes/python/face_app/user/images/reizkian/image_251reizkian.jpg;reizkian
D:/codes/python/face_app/user/images/reizkian/image_252reizkian.jpg;reizkian
D:/codes/python/face_app/user/images/reizkian/image_253reizkian.jpg;reizkian
D:/codes/python/face_app/user/images/reizkian/image_254reizkian.jpg;reizkian
D:/codes/python/face_app/user/images/reizkian/image_255reizkian.jpg;reizkian
D:/codes/python/face_app/user/images/reizkian/image_256reizkian.jpg;reizkian
D:/codes/python/face_app/user/images/reizkian/image_257reizkian.jpg;reizkian
D:/codes/python/face_app/user/images/reizkian/image_258reizkian.jpg;reizkian
D:/codes/python/face_app/user/images/reizkian/image_259reizkian.jpg;reizkian
D:/codes/python/face_app/user/images/reizkian/image_25reizkian.jpg;reizkian
D:/codes/python/face_app/user/images/reizkian/image_260reizkian.jpg;reizkian
D:/codes/python/face_app/user/images/reizkian/image_261reizkian.jpg;reizkian
D:/codes/python/face_app/user/images/reizkian/image_262reizkian.jpg;reizkian
D:/codes/python/face_app/user/images/reizkian/image_263reizkian.jpg;reizkian
D:/codes/python/face_app/user/images/reizkian/image_264reizkian.jpg;reizkian
D:/codes/python/face_app/user/images/reizkian/image_265reizkian.jpg;reizkian
D:/codes/python/face_app/user/images/reizkian/image_266reizkian.jpg;reizkian
D:/codes/python/face_app/user/images/reizkian/image_267reizkian.jpg;reizkian
D:/codes/python/face_app/user/images/reizkian/image_268reizkian.jpg;reizkian
D:/codes/python/face_app/user/images/reizkian/image_269reizkian.jpg;reizkian
D:/codes/python/face_app/user/images/reizkian/image_26reizkian.jpg;reizkian
D:/codes/python/face_app/user/images/reizkian/image_270reizkian.jpg;reizkian
D:/codes/python/face_app/user/images/reizkian/image_271reizkian.jpg;reizkian
D:/codes/python/face_app/user/images/reizkian/image_272reizkian.jpg;reizkian
D:/codes/python/face_app/user/images/reizkian/image_273reizkian.jpg;reizkian
D:/codes/python/face_app/user/images/reizkian/image_274reizkian.jpg;reizkian
D:/codes/python/face_app/user/images/reizkian/image_275reizkian.jpg;reizkian
D:/codes/python/face_app/user/images/reizkian/image_276reizkian.jpg;reizkian
D:/codes/python/face_app/user/images/reizkian/image_277reizkian.jpg;reizkian
D:/codes/python/face_app/user/images/reizkian/image_278reizkian.jpg;reizkian
D:/codes/python/face_app/user/images/reizkian/image_279reizkian.jpg;reizkian
D:/codes/python/face_app/user/images/reizkian/image_27reizkian.jpg;reizkian
D:/codes/python/face_app/user/images/reizkian/image_280reizkian.jpg;reizkian
D:/codes/python/face_app/user/images/reizkian/image_281reizkian.jpg;reizkian
D:/codes/python/face_app/user/images/reizkian/image_282reizkian.jpg;reizkian
D:/codes/python/face_app/user/images/reizkian/image_283reizkian.jpg;reizkian
D:/codes/python/face_app/user/images/reizkian/image_284reizkian.jpg;reizkian
D:/codes/python/face_app/user/images/reizkian/image_285reizkian.jpg;reizkian
D:/codes/python/face_app/user/images/reizkian/image_286reizkian.jpg;reizkian
D:/codes/python/face_app/user/images/reizkian/image_287reizkian.jpg;reizkian
D:/codes/python/face_app/user/images/reizkian/image_288reizkian.jpg;reizkian
D:/codes/python/face_app/user/images/reizkian/image_289reizkian.jpg;reizkian
D:/codes/python/face_app/user/images/reizkian/image_28reizkian.jpg;reizkian
D:/codes/python/face_app/user/images/reizkian/image_290reizkian.jpg;reizkian
D:/codes/python/face_app/user/images/reizkian/image_291reizkian.jpg;reizkian
D:/codes/python/face_app/user/images/reizkian/image_292reizkian.jpg;reizkian
D:/codes/python/face_app/user/images/reizkian/image_293reizkian.jpg;reizkian
D:/codes/python/face_app/user/images/reizkian/image_294reizkian.jpg;reizkian
D:/codes/python/face_app/user/images/reizkian/image_295reizkian.jpg;reizkian
D:/codes/python/face_app/user/images/reizkian/image_296reizkian.jpg;reizkian
D:/codes/python/face_app/user/images/reizkian/image_297reizkian.jpg;reizkian
D:/codes/python/face_app/user/images/reizkian/image_298reizkian.jpg;reizkian
D:/codes/python/face_app/user/images/reizkian/image_299reizkian.jpg;reizkian
D:/codes/python/face_app/user/images/reizkian/image_29reizkian.jpg;reizkian
D:/codes/python/face_app/user/images/reizkian/image_2reizkian.jpg;reizkian
D:/codes/python/face_app/user/images/reizkian/image_300reizkian.jpg;reizkian
D:/codes/python/face_app/user/images/reizkian/image_30reizkian.jpg;reizkian
D:/codes/python/face_app/user/images/reizkian/image_31reizkian.jpg;reizkian
D:/codes/python/face_app/user/images/reizkian/image_32reizkian.jpg;reizkian
D:/codes/python/face_app/user/images/reizkian/image_33reizkian.jpg;reizkian
D:/codes/python/face_app/user/images/reizkian/image_34reizkian.jpg;reizkian
D:/codes/python/face_app/user/images/reizkian/image_35reizkian.jpg;reizkian
D:/codes/python/face_app/user/images/reizkian/image_36reizkian.jpg;reizkian
D:/codes/python/face_app/user/images/reizkian/image_37reizkian.jpg;reizkian
D:/codes/python/face_app/user/images/reizkian/image_38reizkian.jpg;reizkian
D:/codes/python/face_app/user/images/reizkian/image_39reizkian.jpg;reizkian
D:/codes/python/face_app/user/images/reizkian/image_3reizkian.jpg;reizkian
D:/codes/python/face_app/user/images/reizkian/image_40reizkian.jpg;reizkian
D:/codes/python/face_app/user/images/reizkian/image_41reizkian.jpg;reizkian
D:/codes/python/face_app/user/images/reizkian/image_42reizkian.jpg;reizkian
D:/codes/python/face_app/user/images/reizkian/image_43reizkian.jpg;reizkian
D:/codes/python/face_app/user/images/reizkian/image_44reizkian.jpg;reizkian
D:/codes/python/face_app/user/images/reizkian/image_45reizkian.jpg;reizkian
D:/codes/python/face_app/user/images/reizkian/image_46reizkian.jpg;reizkian
D:/codes/python/face_app/user/images/reizkian/image_47reizkian.jpg;reizkian
D:/codes/python/face_app/user/images/reizkian/image_48reizkian.jpg;reizkian
D:/codes/python/face_app/user/images/reizkian/image_49reizkian.jpg;reizkian
D:/codes/python/face_app/user/images/reizkian/image_4reizkian.jpg;reizkian
D:/codes/python/face_app/user/images/reizkian/image_50reizkian.jpg;reizkian
D:/codes/python/face_app/user/images/reizkian/image_51reizkian.jpg;reizkian
D:/codes/python/face_app/user/images/reizkian/image_52reizkian.jpg;reizkian
D:/codes/python/face_app/user/images/reizkian/image_53reizkian.jpg;reizkian
D:/codes/python/face_app/user/images/reizkian/image_54reizkian.jpg;reizkian
D:/codes/python/face_app/user/images/reizkian/image_55reizkian.jpg;reizkian
D:/codes/python/face_app/user/images/reizkian/image_56reizkian.jpg;reizkian
D:/codes/python/face_app/user/images/reizkian/image_57reizkian.jpg;reizkian
D:/codes/python/face_app/user/images/reizkian/image_58reizkian.jpg;reizkian
D:/codes/python/face_app/user/images/reizkian/image_59reizkian.jpg;reizkian
D:/codes/python/face_app/user/images/reizkian/image_5reizkian.jpg;reizkian
D:/codes/python/face_app/user/images/reizkian/image_60reizkian.jpg;reizkian
D:/codes/python/face_app/user/images/reizkian/image_61reizkian.jpg;reizkian
D:/codes/python/face_app/user/images/reizkian/image_62reizkian.jpg;reizkian
D:/codes/python/face_app/user/images/reizkian/image_63reizkian.jpg;reizkian
D:/codes/python/face_app/user/images/reizkian/image_64reizkian.jpg;reizkian
D:/codes/python/face_app/user/images/reizkian/image_65reizkian.jpg;reizkian
D:/codes/python/face_app/user/images/reizkian/image_66reizkian.jpg;reizkian
D:/codes/python/face_app/user/images/reizkian/image_67reizkian.jpg;reizkian
D:/codes/python/face_app/user/images/reizkian/image_68reizkian.jpg;reizkian
D:/codes/python/face_app/user/images/reizkian/image_69reizkian.jpg;reizkian
D:/codes/python/face_app/user/images/reizkian/image_6reizkian.jpg;reizkian
D:/codes/python/face_app/user/images/reizkian/image_70reizkian.jpg;reizkian
D:/codes/python/face_app/user/images/reizkian/image_71reizkian.jpg;reizkian
D:/codes/python/face_app/user/images/reizkian/image_72reizkian.jpg;reizkian
D:/codes/python/face_app/user/images/reizkian/image_73reizkian.jpg;reizkian
D:/codes/python/face_app/user/images/reizkian/image_74reizkian.jpg;reizkian
D:/codes/python/face_app/user/images/reizkian/image_75reizkian.jpg;reizkian
D:/codes/python/face_app/user/images/reizkian/image_76reizkian.jpg;reizkian
D:/codes/python/face_app/user/images/reizkian/image_77reizkian.jpg;reizkian
D:/codes/python/face_app/user/images/reizkian/image_78reizkian.jpg;reizkian
D:/codes/python/face_app/user/images/reizkian/image_79reizkian.jpg;reizkian
D:/codes/python/face_app/user/images/reizkian/image_7reizkian.jpg;reizkian
D:/codes/python/face_app/user/images/reizkian/image_80reizkian.jpg;reizkian
D:/codes/python/face_app/user/images/reizkian/image_81reizkian.jpg;reizkian
D:/codes/python/face_app/user/images/reizkian/image_82reizkian.jpg;reizkian
D:/codes/python/face_app/user/images/reizkian/image_83reizkian.jpg;reizkian
D:/codes/python/face_app/user/images/reizkian/image_84reizkian.jpg;reizkian
D:/codes/python/face_app/user/images/reizkian/image_85reizkian.jpg;reizkian
D:/codes/python/face_app/user/images/reizkian/image_86reizkian.jpg;reizkian
D:/codes/python/face_app/user/images/reizkian/image_87reizkian.jpg;reizkian
D:/codes/python/face_app/user/images/reizkian/image_88reizkian.jpg;reizkian
D:/codes/python/face_app/user/images/reizkian/image_89reizkian.jpg;reizkian
D:/codes/python/face_app/user/images/reizkian/image_8reizkian.jpg;reizkian
D:/codes/python/face_app/user/images/reizkian/image_90reizkian.jpg;reizkian
D:/codes/python/face_app/user/images/reizkian/image_91reizkian.jpg;reizkian
D:/codes/python/face_app/user/images/reizkian/image_92reizkian.jpg;reizkian
D:/codes/python/face_app/user/images/reizkian/image_93reizkian.jpg;reizkian
D:/codes/python/face_app/user/images/reizkian/image_94reizkian.jpg;reizkian
D:/codes/python/face_app/user/images/reizkian/image_95reizkian.jpg;reizkian
D:/codes/python/face_app/user/images/reizkian/image_96reizkian.jpg;reizkian
D:/codes/python/face_app/user/images/reizkian/image_97reizkian.jpg;reizkian
D:/codes/python/face_app/user/images/reizkian/image_98reizkian.jpg;reizkian
D:/codes/python/face_app/user/images/reizkian/image_99reizkian.jpg;reizkian
D:/codes/python/face_app/user/images/reizkian/image_9reizkian.jpg;reizkian
D:/codes/python/face_app/user/images/reizkian/vid_10reizkian.jpg;reizkian
D:/codes/python/face_app/user/images/reizkian/vid_11reizkian.jpg;reizkian
D:/codes/python/face_app/user/images/reizkian/vid_12reizkian.jpg;reizkian
D:/codes/python/face_app/user/images/reizkian/vid_13reizkian.jpg;reizkian
D:/codes/python/face_app/user/images/reizkian/vid_14reizkian.jpg;reizkian
D:/codes/python/face_app/user/images/reizkian/vid_15reizkian.jpg;reizkian
D:/codes/python/face_app/user/images/reizkian/vid_16reizkian.jpg;reizkian
D:/codes/python/face_app/user/images/reizkian/vid_17reizkian.jpg;reizkian
D:/codes/python/face_app/user/images/reizkian/vid_18reizkian.jpg;reizkian
D:/codes/python/face_app/user/images/reizkian/vid_19reizkian.jpg;reizkian
D:/codes/python/face_app/user/images/reizkian/vid_1reizkian.jpg;reizkian
D:/codes/python/face_app/user/images/reizkian/vid_20reizkian.jpg;reizkian
D:/codes/python/face_app/user/images/reizkian/vid_21reizkian.jpg;reizkian
D:/codes/python/face_app/user/images/reizkian/vid_22reizkian.jpg;reizkian
D:/codes/python/face_app/user/images/reizkian/vid_23reizkian.jpg;reizkian
D:/codes/python/face_app/user/images/reizkian/vid_24reizkian.jpg;reizkian
D:/codes/python/face_app/user/images/reizkian/vid_25reizkian.jpg;reizkian
D:/codes/python/face_app/user/images/reizkian/vid_26reizkian.jpg;reizkian
D:/codes/python/face_app/user/images/reizkian/vid_27reizkian.jpg;reizkian
D:/codes/python/face_app/user/images/reizkian/vid_28reizkian.jpg;reizkian
D:/codes/python/face_app/user/images/reizkian/vid_29reizkian.jpg;reizkian
D:/codes/python/face_app/user/images/reizkian/vid_2reizkian.jpg;reizkian
D:/codes/python/face_app/user/images/reizkian/vid_30reizkian.jpg;reizkian
D:/codes/python/face_app/user/images/reizkian/vid_31reizkian.jpg;reizkian
D:/codes/python/face_app/user/images/reizkian/vid_32reizkian.jpg;reizkian
D:/codes/python/face_app/user/images/reizkian/vid_33reizkian.jpg;reizkian
D:/codes/python/face_app/user/images/reizkian/vid_34reizkian.jpg;reizkian
D:/codes/python/face_app/user/images/reizkian/vid_35reizkian.jpg;reizkian
D:/codes/python/face_app/user/images/reizkian/vid_36reizkian.jpg;reizkian
D:/codes/python/face_app/user/images/reizkian/vid_37reizkian.jpg;reizkian
D:/codes/python/face_app/user/images/reizkian/vid_38reizkian.jpg;reizkian
D:/codes/python/face_app/user/images/reizkian/vid_39reizkian.jpg;reizkian
D:/codes/python/face_app/user/images/reizkian/vid_3reizkian.jpg;reizkian
D:/codes/python/face_app/user/images/reizkian/vid_40reizkian.jpg;reizkian
D:/codes/python/face_app/user/images/reizkian/vid_41reizkian.jpg;reizkian
D:/codes/python/face_app/user/images/reizkian/vid_42reizkian.jpg;reizkian
D:/codes/python/face_app/user/images/reizkian/vid_43reizkian.jpg;reizkian
D:/codes/python/face_app/user/images/reizkian/vid_44reizkian.jpg;reizkian
D:/codes/python/face_app/user/images/reizkian/vid_45reizkian.jpg;reizkian
D:/codes/python/face_app/user/images/reizkian/vid_46reizkian.jpg;reizkian
D:/codes/python/face_app/user/images/reizkian/vid_47reizkian.jpg;reizkian
D:/codes/python/face_app/user/images/reizkian/vid_48reizkian.jpg;reizkian
D:/codes/python/face_app/user/images/reizkian/vid_49reizkian.jpg;reizkian
D:/codes/python/face_app/user/images/reizkian/vid_4reizkian.jpg;reizkian
D:/codes/python/face_app/user/images/reizkian/vid_50reizkian.jpg;reizkian
D:/codes/python/face_app/user/images/reizkian/vid_51reizkian.jpg;reizkian
D:/codes/python/face_app/user/images/reizkian/vid_52reizkian.jpg;reizkian
D:/codes/python/face_app/user/images/reizkian/vid_53reizkian.jpg;reizkian
D:/codes/python/face_app/user/images/reizkian/vid_54reizkian.jpg;reizkian
D:/codes/python/face_app/user/images/reizkian/vid_55reizkian.jpg;reizkian
D:/codes/python/face_app/user/images/reizkian/vid_56reizkian.jpg;reizkian
D:/codes/python/face_app/user/images/reizkian/vid_57reizkian.jpg;reizkian
D:/codes/python/face_app/user/images/reizkian/vid_5reizkian.jpg;reizkian
D:/codes/python/face_app/user/images/reizkian/vid_6reizkian.jpg;reizkian
D:/codes/python/face_app/user/images/reizkian/vid_7reizkian.jpg;reizkian
D:/codes/python/face_app/user/images/reizkian/vid_8reizkian.jpg;reizkian
D:/codes/python/face_app/user/images/reizkian/vid_9reizkian.jpg;reizkian
